admin,e6c3da5b206634d7f3f3586d747ffdb36b5c675757b380c6a5fe5c570c714349,admin
employee,d74ff0ee8da3b9806b18c877dbf29bbde50b5bd8e4dad7a3a725000feb82e8f1,employee
user,d74ff0ee8da3b9806b18c877dbf29bbde50b5bd8e4dad7a3a725000feb82e8f1,user
s,043a718774c572bd8a25adbeb1bfcd5c0256ae11cecf9f9c3f925d0e52beaf89,user
user2,03ac674216f3e15c761ee1a5e255f067953623c8b388b4459e13f978d7c846f4,user
pokaz,d74ff0ee8da3b9806b18c877dbf29bbde50b5bd8e4dad7a3a725000feb82e8f1,user
x,6b86b273ff34fce19d6b804eff5a3f5747ada4eaa22f1d49c01e52ddb7875b4b,user
y,a1fce4363854ff888cff4b8e7875d600c2682390412a8cf79b37d0b11148b0fa,user
kaper,03ac674216f3e15c761ee1a5e255f067953623c8b388b4459e13f978d7c846f4,user
zmianarolo,d74ff0ee8da3b9806b18c877dbf29bbde50b5bd8e4dad7a3a725000feb82e8f1,user
zmiana,d74ff0ee8da3b9806b18c877dbf29bbde50b5bd8e4dad7a3a725000feb82e8f1,user
kacper1234,abe31fe1a2113e7e8bf174164515802806d388cf4f394cceace7341a182271ab,user
